<?xml version="1.0" encoding="UTF-8"?>
<project-private xmlns="http://www.netbeans.org/ns/project-private/1">
    <editor-bookmarks xmlns="http://www.netbeans.org/ns/editor-bookmarks/2" lastBookmarkId="0"/>
    <open-files xmlns="http://www.netbeans.org/ns/projectui-open-files/2">
        <group>
            <file>file:/E:/study%20material/weather%20project/thesisSelectionSystem/src/thesisselectionsystem/Thesis_topic.java</file>
            <file>file:/E:/study%20material/weather%20project/thesisSelectionSystem/src/thesisselectionsystem/User.java</file>
            <file>file:/E:/study%20material/weather%20project/thesisSelectionSystem/src/thesisselectionsystem/Supervisor.java</file>
            <file>file:/E:/study%20material/weather%20project/thesisSelectionSystem/src/thesisselectionsystem/topic_list.java</file>
            <file>file:/E:/study%20material/weather%20project/thesisSelectionSystem/src/thesisselectionsystem/Student.java</file>
            <file>file:/E:/study%20material/weather%20project/thesisSelectionSystem/src/thesisselectionsystem/ThesisSelectionSystem.java</file>
        </group>
    </open-files>
</project-private>
